-3.95,4.35,-0.01,-0.03,0.00
14141,8.01,-3.84,4.22,-0.02,-0.04,-0.01
14154,8.08,-3.79,4.17,0.01,-0.02,0.00
14167,8.04,-3.92,4.36,0.03,-0.01,0.01
14180,8.04,-3.84,4.33,0.02,-0.02,-0.00
14193,8.01,-3.86,4.29,0.01,-0.02,-0.01
14206,8.06,-3.67,4.27,0.03,-0.02,-0.01
14219,8.06,-3.60,4.37,0.03,-0.02,0.00
14232,8.01,-3.83,4.34,0.01,-0.03,0.01
14245,8.08,-3.71,4.09,-0.05,-0.06,-0.00
14258,8.05,-3.85,4.14,-0.04,-0.04,0.01
14271,8.03,-3.92,4.23,-0.00,-0.03,0.01
14284,8.09,-3.86,4.21,0.00,-0.02,0.00
14297,8.06,-3.92,4.33,0.00,-0.01,0.00
14310,8.03,-3.81,4.27,-0.00,-0.02,-0.01
14323,8.04,-3.69,4.31,0.02,-0.01,0.00
14336,8.05,-3.70,4.42,0.02,-0.01,0.01
14349,8.04,-3.77,4.47,0.00,-0.02,0.02
14362,8.04,-3.73,4.23,-0.03,-0.05,0.01
14375,8.07,-3.71,4.18,-0.03,-0.05,0.02
14388,8.06,-3.94,4.30,-0.02,-0.04,0.02
14401,8.05,-4.00,4.18,-0.02,-0.04,0.01
14414,8.03,-4.01,4.19,0.00,-0.03,-0.01
14427,8.08,-3.82,4.13,0.02,-0.03,-0.02
14440,8.02,-3.84,4.40,0.05,-0.01,-0.01
14453,8.02,-3.60,4.38,0.04,-0.02,-0.02
14466,8.03,-3.52,4.31,0.01,-0.03,-0.01
14479,8.04,-3.74,4.29,-0.01,-0.03,0.02
14492,8.03,-3.75,4.26,-0.03,-0.03,0.02
14505,8.04,-3.90,4.30,-0.01,-0.03,0.03
14518,8.07,-3.98,4.27,0.00,-0.03,0.02
14531,8.07,-3.99,4.27,-0.01,-0.03,-0.00
14544,8.06,-3.91,4.26,-0.02,-0.03,-0.02
14557,8.05,-3.70,4.22,-0.01,-0.03,-0.02
14570,8.06,-3.78,4.22,0.02,-0.02,-0.01
14583,8.04,-3.73,4.28,0.03,-0.02,-0.00
14596,8.02,-3.66,4.32,0.03,-0.02,0.01
14609,8.03,-3.78,4.37,-0.00,-0.02,0.02
14622,8.04,-3.83,4.31,-0.02,-0.03,0.02
14635,8.06,-3.97,4.27,-0.02,-0.03,0.01
14648,8.05,-3.99,4.29,0.03,-0.03,-0.01
14661,8.05,-3.80,4.29,0.04,-0.03,-0.02
14674,8.04,-3.63,4.32,0.03,-0.03,-0.02
14687,8.05,-3.74,4.26,-0.01,-0.04,-0.00
14700,8.06,-3.75,4.24,-0.01,-0.03,0.00
14713,8.05,-3.75,4.26,0.01,-0.03,0.01
14726,8.02,-3.73,4.34,0.00,-0.02,0.02
14739,8.02,-3.72,4.35,-0.02,-0.03,0.02
14752,8.04,-3.87,4.30,-0.04,-0.03,0.02
14765,8.06,-4.09,4.24,-0.01,-0.03,0.01
14778,8.06,-3.96,4.24,0.02,-0.03,-0.01
14791,8.06,-3.80,4.31,0.03,-0.02,-0.02
14804,8.04,-3.74,4.31,0.02,-0.03,-0.02
14817,8.05,-3.79,4.29,0.00,-0.03,-0.01
14830,8.04,-3.74,4.27,0.01,-0.03,-0.00
14843,8.04,-3.71,4.30,0.01,-0.03,0.00
14856,8.04,-3.82,4.28,-0.01,-0.03,0.01
14869,8.05,-3.94,4.27,-0.02,-0.03,0.01
14882,8.06,-3.99,4.27,-0.01,-0.03,-0.00
14895,8.05,-3.80,4.29,0.02,-0.02,-0.02
14908,8.03,-3.60,4.34,0.02,-0.02,-0.02
14921,8.03,-3.61,4.34,0.01,-0.02,-0.00
14934,8.04,-3.79,4.33,-0.01,-0.03,0.01
14947,8.06,-3.84,4.27,-0.01,-0.03,0.02
14960,8.06,-3.88,4.24,-0.00,-0.03,0.01
14973,8.04,-3.84,4.32,0.00,-0.03,0.00
14986,8.03,-3.81,4.34,0.00,-0.03,0.00
14999,8.03,-3.83,4.34,0.00,-0.03,0.00
15012,8.05,-3.91,4.27,-0.01,-0.04,-0.01
15025,8.06,-3.82,4.24,-0.00,-0.03,-0.01
15038,8.05,-3.77,4.26,0.00,-0.03,-0.01
15051,8.05,-3.71,4.32,0.01,-0.03,-0.00
15064,8.04,-3.72,4.33,-0.00,-0.03,0.00
15077,8.04,-3.71,4.29,-0.02,-0.03,0.01
15090,8.06,-3.90,4.22,-0.03,-0.03,0.01
15103,8.05,-3.94,4.27,-0.01,-0.02,0.01
15116,8.05,-3.80,4.28,0.02,-0.02,0.00
15129,8.04,-3.72,4.39,0.03,-0.02,0.01
15142,8.02,-3.68,4.41,-0.00,-0.03,0.01
15155,8.04,-3.75,4.37,-0.03,-0.04,0.02
15168,8.06,-3.95,4.24,-0.04,-0.05,0.02
15181,8.05,-3.95,4.27,0.01,-0.04,0.00
15194,8.04,-3.80,4.29,0.03,-0.03,-0.01
15207,8.04,-3.71,4.32,0.02,-0.03,-0.01
15220,8.04,-3.71,4.32,-0.04,-0.04,-0.00
15233,8.04,-3.79,4.24,-0.04,-0.04,0.01
15246,8.05,-3.91,4.22,-0.01,-0.04,0.02
15259,8.05,-3.83,4.26,0.04,-0.03,0.01
15272,8.05,-3.83,4.30,0.03,-0.02,0.01
15285,8.04,-3.81,4.31,-0.00,-0.03,0.00
15298,8.05,-3.88,4.24,-0.02,-0.03,-0.00
15311,8.07,-3.91,4.25,0.00,-0.03,-0.00
15324,8.04,-3.82,4.29,0.03,-0.02,-0.00
15337,8.01,-3.56,4.42,0.03,-0.03,0.01
15350,8.01,-3.67,4.41,-0.02,-0.04,0.02
15363,8.04,-3.79,4.33,-0.06,-0.05,0.02
15376,8.05,-3.91,4.22,-0.07,-0.05,0.02
15389,8.06,-3.97,4.20,-0.03,-0.04,0.02
15402,8.07,-4.02,4.21,-0.01,-0.04,0.01
15415,8.05,-3.91,4.23,-0.00,-0.03,0.00
15428,8.05,-3.89,4.27,0.02,-0.02,-0.01
15441,8.04,-3.82,4.31,0.03,-0.02,-0.01
15454,8.03,-3.73,4.32,0.02,-0.02,-0.01
15467,8.05,-3.79,4.31,0.00,-0.03,-0.00
15480,8.04,-3.84,4.34,0.01,-0.03,-0.00
15493,8.03,-3.77,4.34,0.01,-0.03,0.00
15506,8.03,-3.71,4.31,0.01,-0.04,0.01
15519,8.03,-3.78,4.30,-0.01,-0.04,0.02
15532,8.04,-3.83,4.26,-0.02,-0.04,0.02
15545,8.05,-3.92,4.22,-0.02,-0.04,0.02
15558,8.06,-3.97,4.23,-0.01,-0.03,0.01
15571,8.05,-3.94,4.25,0.00,-0.03,0.00
15584,8.04,-3.84,4.28,0.02,-0.02,-0.01
15597,8.04,-3.80,4.30,0.03,-0.02,-0.01
15610,8.03,-3.75,4.33,0.03,-0.02,-0.00
15623,8.02,-3.67,4.38,0.01,-0.03,0.01
15636,8.03,-3.76,4.33,-0.01,-0.04,0.02
15649,8.05,-3.88,4.27,-0.03,-0.05,0.02
15662,8.07,-4.02,4.20,-0.03,-0.04,0.01
15675,8.06,-3.93,4.20,-0.00,-0.03,-0.00
15688,8.06,-3.85,4.22,0.01,-0.03,-0.01
15701,8.04,-3.74,4.28,0.02,-0.02,-0.01
15714,8.04,-3.72,4.32,0.00,-0.02,-0.00
15727,8.04,-3.75,4.30,-0.00,-0.02,0.00
15740,8.05,-3.86,4.28,-0.01,-0.03,0.01
15753,8.03,-3.78,4.28,0.00,-0.02,0.01
15766,8.04,-3.82,4.30,0.00,-0.02,0.01
15779,8.04,-3.90,4.32,0.00,-0.03,0.01
15792,8.04,-3.85,4.33,-0.01,-0.03,0.00
15805,8.04,-3.83,4.30,-0.01,-0.03,-0.00
15818,8.05,-3.87,4.25,-0.01,-0.04,-0.00
15831,8.05,-3.87,4.22,0.01,-0.03,-0.00
15844,8.05,-3.92,4.23,0.02,-0.02,-0.00
15857,8.05,-3.92,4.24,0.03,-0.02,-0.01
15870,8.04,-3.71,4.28,0.03,-0.01,-0.02
15883,8.04,-3.62,4.33,0.02,-0.02,-0.01
15896,8.03,-3.63,4.35,0.01,-0.02,0.01
15909,8.04,-3.81,4.37,-0.01,-0.03,0.03
15922,8.03,-3.88,4.36,-0.01,-0.03,0.03
15935,8.04,-3.93,4.31,-0.01,-0.04,0.02
15948,8.06,-4.00,4.24,-0.01,-0.04,0.00
15961,8.06,-3.88,4.26,0.01,-0.03,-0.01
15974,8.04,-3.83,4.29,0.02,-0.03,-0.01
15987,8.05,-3.81,4.26,0.02,-0.03,-0.01
16000,8.04,-3.76,4.30,0.01,-0.03,-0.01
16013,8.04,-3.74,4.33,0.02,-0.03,-0.01
16026,8.04,-3.76,4.24,0.01,-0.03,-0.00
16039,8.05,-3.78,4.24,-0.00,-0.03,0.01
16052,8.04,-3.79,4.30,0.00,-0.02,0.01
16065,8.04,-3.81,4.30,0.00,-0.02,0.01
16078,8.05,-3.94,4.27,-0.01,-0.02,0.01
16091,8.04,-3.94,4.31,0.00,-0.02,0.00
16104,8.03,-3.88,4.33,0.01,-0.02,-0.00
16117,8.04,-3.80,4.29,0.02,-0.02,-0.01
16130,8.03,-3.73,4.34,0.01,-0.02,-0.01
16143,8.02,-3.66,4.37,0.00,-0.03,-0.00
16156,8.03,-3.77,4.33,-0.02,-0.04,0.01
16169,8.04,-3.81,4.31,-0.03,-0.04,0.02
16182,8.05,-3.89,4.27,-0.03,-0.04,0.02
16195,8.06,-3.97,4.25,0.01,-0.03,0.01
16208,8.05,-3.90,4.25,0.02,-0.03,-0.00
16221,8.04,-3.84,4.27,0.03,-0.02,-0.01
16234,8.03,-3.76,4.32,0.01,-0.02,-0.01
16247,8.04,-3.75,4.32,0.02,-0.02,-0.00
16260,8.04,-3.82,4.33,0.02,-0.02,0.00
16273,8.04,-3.78,4.32,0.01,-0.03,0.00
16286,8.04,-3.83,4.31,-0.01,-0.03,0.00
16299,8.04,-3.84,4.30,-0.01,-0.03,0.00
16312,8.05,-3.80,4.29,-0.01,-0.03,0.00
16325,8.04,-3.79,4.30,-0.01,-0.03,0.00
16338,8.04,-3.77,4.30,-0.02,-0.03,0.00
16351,8.04,-3.81,4.27,-0.02,-0.03,0.01
16364,8.05,-3.92,4.28,0.00,-0.03,0.01
16377,8.04,-3.86,4.30,0.02,-0.02,0.01
16390,8.03,-3.84,4.33,0.02,-0.03,0.00
16403,8.02,-3.80,4.35,-0.00,-0.03,-0.00
16416,8.03,-3.77,4.29,-0.02,-0.04,-0.00
16429,8.04,-3.77,4.27,-0.01,-0.04,0.00
16442,8.05,-3.82,4.29,0.00,-0.03,0.01
16455,8.05,-3.78,4.26,-0.00,-0.03,0.01
16468,8.05,-3.81,4.25,-0.01,-0.03,0.01
16481,8.04,-3.87,4.30,-0.00,-0.03,0.01
16494,8.04,-3.87,4.29,-0.00,-0.03,0.01
16507,8.05,-3.81,4.28,-0.00,-0.03,0.01
16520,8.03,-3.82,4.30,-0.02,-0.03,0.01
16533,8.06,-3.93,4.25,-0.01,-0.03,0.01
16546,8.05,-3.93,4.27,0.01,-0.02,0.01
16559,8.03,-3.82,4.35,0.04,-0.02,0.00
16572,8.02,-3.75,4.37,0.02,-0.02,0.00
16585,8.02,-3.71,4.37,-0.01,-0.03,0.00
16598,8.05,-3.96,4.27,-0.04,-0.04,0.01
16611,8.06,-4.09,4.23,-0.01,-0.04,0.00
16624,8.06,-4.05,4.21,0.03,-0.03,-0.01
16637,8.05,-3.87,4.31,0.05,-0.02,-0.02
16650,8.03,-3.53,4.37,0.03,-0.02,-0.02
16663,8.02,-3.39,4.36,-0.00,-0.02,-0.00
16676,8.03,-3.56,4.32,-0.03,-0.03,0.02
16689,8.05,-4.03,4.27,-0.02,-0.03,0.04
16702,8.04,-3.98,4.27,0.01,-0.03,0.03
16715,8.03,-3.96,4.33,0.03,-0.02,0.02
16728,8.03,-3.84,4.35,-0.01,-0.03,-0.00
16741,8.03,-3.83,4.31,-0.02,-0.04,-0.00
16754,8.04,-3.87,4.29,-0.01,-0.04,-0.00
16767,8.05,-3.80,4.29,0.03,-0.03,-0.00
16780,8.02,-3.74,4.33,0.03,-0.03,-0.00
16793,8.02,-3.73,4.33,0.01,-0.03,0.00
16806,8.06,-3.99,4.20,-0.02,-0.03,0.01
16819,8.06,-4.02,4.22,0.00,-0.02,-0.00
16832,8.04,-3.89,4.28,0.04,-0.02,-0.01
16845,8.02,-3.67,4.35,0.04,-0.02,-0.01
16858,8.04,-3.74,4.35,0.00,-0.02,-0.00
16871,8.04,-3.84,4.34,-0.01,-0.03,-0.00
16884,8.04,-3.82,4.33,-0.01,-0.03,-0.00
16897,8.02,-3.73,4.33,0.02,-0.03,-0.00
16910,8.03,-3.70,4.35,0.00,-0.03,0.00
16923,8.04,-3.85,4.27,-0.02,-0.04,0.01
16936,8.05,-3.93,4.26,-0.02,-0.03,0.01
16949,8.05,-3.96,4.26,0.00,-0.03,0.01
16962,8.05,-3.89,4.28,0.02,-0.03,0.00
16975,8.04,-3.82,4.31,0.02,-0.02,-0.00
16988,8.04,-3.80,4.32,0.01,-0.02,-0.01
17001,8.04,-3.77,4.30,0.01,-0.03,-0.01
17014,8.04,-3.83,4.31,0.00,-0.02,-0.00
17027,8.05,-3.86,4.32,0.01,-0.02,-0.00
17040,8.03,-3.79,4.34,0.02,-0.02,-0.00
17053,8.03,-3.78,4.35,0.01,-0.03,0.00
17066,8.04,-3.77,4.33,-0.00,-0.03,0.01
17079,8.03,-3.77,4.31,-0.01,-0.03,0.01
17092,8.04,-3.92,4.28,-0.01,-0.03,0.01
17105,8.05,-3.88,4.26,0.00,-0.03,0.00
17118,8.05,-3.81,4.28,0.02,-0.03,0.00
17131,8.03,-3.75,4.36,0.02,-0.03,0.01
17144,8.04,-3.75,4.33,0.01,-0.03,0.01
17157,8.03,-3.74,4.34,-0.01,-0.03,0.02
17170,8.05,-3.96,4.27,-0.02,-0.03,0.02
17183,8.05,-3.99,4.28,-0.00,-0.03,0.01
17196,8.04,-3.88,4.31,0.01,-0.03,-0.00
17209,8.03,-3.83,4.33,0.02,-0.03,-0.01
17222,8.04,-3.80,4.33,0.01,-0.03,-0.01
17235,8.03,-3.76,4.33,0.00,-0.03,-0.01
17248,8.04,-3.75,4.29,0.00,-0.03,-0.00
17261,8.04,-3.80,4.32,0.01,-0.03,0.01
17274,8.03,-3.78,4.33,0.01,-0.03,0.01
17287,8.05,-3.80,4.31,0.00,-0.03,0.01
17300,8.04,-3.84,4.31,0.00,-0.03,0.01
17313,8.03,-3.79,4.31,0.00,-0.03,0.01
17326,8.04,-3.81,4.28,0.00,-0.03,0.01
17339,8.03,-3.80,4.32,0.01,-0.02,0.01
17352,8.04,-3.82,4.34,0.01,-0.02,0.01
17365,8.04,-3.80,4.33,0.00,-0.02,0.01
17378,8.03,-3.86,4.37,-0.01,-0.03,0.01
17391,8.04,-3.86,4.34,-0.01,-0.03,0.00
17404,8.03,-3.85,4.30,-0.01,-0.04,-0.00
17417,8.03,-3.85,4.32,0.01,-0.03,-0.00
17430,8.04,-3.85,4.29,0.01,-0.03,-0.00
17443,8.05,-3.87,4.28,0.01,-0.03,-0.00
17456,8.04,-3.79,4.29,0.02,-0.02,-0.01
17469,8.03,-3.75,4.32,0.02,-0.02,-0.01
17482,8.04,-3.66,4.32,0.02,-0.02,0.00
17495,8.04,-3.67,4.35,0.02,-0.02,0.02
17508,8.03,-3.81,4.35,-0.02,-0.03,0.03
17521,8.04,-3.91,4.34,-0.02,-0.03,0.03
17534,8.04,-3.99,4.30,-0.01,-0.03,0.03
17547,8.03,-4.00,4.31,0.01,-0.03,0.01
17560,8.03,-3.91,4.32,0.02,-0.03,-0.01
17573,8.02,-3.81,4.36,0.02,-0.02,-0.01
17586,8.02,-3.75,4.36,0.01,-0.03,-0.01
17599,8.03,-3.76,4.33,0.01,-0.03,-0.00
17612,8.03,-3.76,4.34,-0.00,-0.03,0.00
17625,8.03,-3.86,4.32,-0.00,-0.04,0.01
17638,8.05,-3.89,4.25,-0.01,-0.04,0.00
17651,8.05,-3.88,4.23,-0.01,-0.03,-0.00
17664,8.07,-3.77,4.27,0.01,-0.02,-0.01
17677,8.00,-3.80,4.40,0.02,-0.01,-0.00
17690,8.02,-3.68,4.36,0.01,-0.02,0.00
17703,8.01,-3.77,4.37,-0.01,-0.03,0.02
17716,8.04,-3.78,4.37,-0.02,-0.03,0.02
17729,8.03,-3.89,4.35,-0.03,-0.04,0.02
17742,8.04,-3.98,4.22,-0.02,-0.04,0.00
17755,8.06,-3.88,4.23,-0.01,-0.03,-0.01
17768,8.02,-3.87,4.33,0.01,-0.02,-0.01
17781,8.03,-3.78,4.34,0.02,-0.02,-0.01
17794,8.03,-3.72,4.35,0.02,-0.02,-0.01
17807,8.03,-3.68,4.36,0.01,-0.03,-0.00
17820,8.02,-3.80,4.35,0.00,-0.03,0.01
17833,8.03,-3.85,4.29,-0.01,-0.03,0.01
17846,8.04,-3.84,4.27,-0.01,-0.03,0.01
17859,8.04,-3.89,4.30,0.00,-0.03,0.01
17872,8.03,-3.88,4.33,0.01,-0.02,0.00
17885,8.03,-3.82,4.33,0.00,-0.03,-0.00
17898,8.04,-3.77,4.32,-0.00,-0.03,-0.00
17911,8.04,-3.81,4.34,-0.00,-0.03,0.01
17924,8.03,-3.83,4.33,-0.00,-0.03,0.01
17937,8.04,-3.83,4.30,-0.00,-0.03,0.01
17950,8.03,-3.78,4.35,0.00,-0.03,0.01
17963,8.02,-3.80,4.38,0.00,-0.03,0.01
17976,8.02,-3.84,4.34,-0.01,-0.03,0.01
17989,8.03,-3.94,4.27,-0.01,-0.03,0.00
18002,8.05,-3.96,4.26,-0.00,-0.03,-0.00
18015,8.05,-3.93,4.28,0.01,-0.03,-0.01
18028,8.01,-3.74,4.35,0.03,-0.02,-0.02
18041,8.01,-3.63,4.38,0.02,-0.02,-0.01
18054,8.01,-3.63,4.41,0.00,-0.02,0.00
18067,8.05,-3.85,4.33,-0.05,-0.04,0.02
18080,8.05,-3.90,4.26,-0.05,-0.04,0.01
18093,8.07,-3.94,4.20,-0.03,-0.04,0.01
18106,8.04,-3.88,4.28,-0.01,-0.03,0.01
18119,8.01,-3.84,4.34,0.02,-0.02,0.00
18132,8.02,-3.79,4.36,0.01,-0.02,-0.00
18145,8.02,-3.76,4.35,0.00,-0.03,0.00
18158,8.03,-3.86,4.34,-0.01,-0.03,0.01
18171,8.04,-3.86,4.32,-0.01,-0.03,0.01
18184,8.03,-3.77,4.33,-0.01,-0.03,0.00
18197,8.04,-3.81,4.35,-0.01,-0.03,0.01
18210,8.03,-3.86,4.34,-0.01,-0.03,0.01
18223,8.04,-3.88,4.30,-0.02,-0.03,0.01
18236,8.04,-3.92,4.23,-0.00,-0.03,0.00
18249,8.04,-3.92,4.24,0.01,-0.02,-0.00
18262,8.02,-3.84,4.27,0.02,-0.02,-0.01
18274,8.00,-3.60,4.35,0.02,-0.01,0.01
18287,8.01,-3.69,4.40,-0.00,-0.02,0.03
18300,8.01,-3.82,4.40,-0.03,-0.03,0.04
18313,8.04,-4.00,4.30,-0.05,-0.03,0.04
18325,8.05,-4.08,4.27,-0.02,-0.03,0.02
18338,8.05,-4.04,4.27,0.00,-0.03,0.01
18351,8.04,-3.94,4.28,0.02,-0.03,-0.01
18364,8.01,-3.74,4.34,0.02,-0.02,-0.01
18377,8.00,-3.73,4.39,0.02,-0.02,-0.01
18390,7.99,-3.77,4.42,0.01,-0.03,0.00
18403,8.02,-3.83,4.30,-0.01,-0.04,0.01
18416,8.02,-3.87,4.24,-0.01,-0.04,0.01
18428,8.04,-3.94,4.20,-0.01,-0.03,0.01
18441,8.04,-3.97,4.24,0.01,-0.02,0.01
18454,8.04,-3.84,4.24,0.03,-0.00,-0.01
18467,8.03,-3.71,4.30,0.03,0.00,-0.01
18480,8.02,-3.68,4.41,0.03,0.00,-0.01
18493,8.01,-3.70,4.38,-0.01,-0.02,0.01
18506,8.01,-3.92,4.37,-0.01,-0.02,0.01
18519,8.01,-4.14,4.38,-0.02,-0.02,0.01
18532,8.04,-4.18,4.20,0.01,-0.02,-0.04
18545,8.05,-4.12,4.17,0.05,-0.01,-0.06
18558,8.03,-4.05,4.26,0.08,0.01,-0.07
18571,8.05,-3.77,4.21,0.09,0.02,-0.09
18584,8.06,-3.68,4.20,0.10,0.03,-0.09
18597,8.01,-3.60,4.44,0.14,0.04,-0.07
18610,7.96,-3.40,4.72,0.17,0.01,-0.03
18623,7.97,-3.48,4.68,0.13,-0.01,-0.01
18636,7.99,-3.74,4.64,0.06,-0.04,-0.00
18649,8.03,-3.92,4.39,-0.03,-0.07,-0.02
18662,8.05,-3.90,4.25,-0.03,-0.07,-0.03
18675,8.07,-3.70,4.14,-0.03,-0.05,-0.04
18688,8.03,-3.46,4.30,-0.03,-0.02,-0.02
18701,8.03,-3.39,4.35,-0.04,-0.01,-0.00
18714,8.03,-3.39,4.33,-0.06,-0.01,0.02
18727,8.04,-3.76,4.35,-0.08,-0.01,0.05
18740,8.05,-3.91,4.32,-0.09,-0.01,0.06
18753,8.04,-4.00,4.37,-0.06,0.00,0.05
18766,8.01,-4.05,4.54,-0.01,0.00,0.04
18779,7.98,-3.81,4.58,0.03,-0.01,0.01
18792,7.98,-3.66,4.56,0.01,-0.03,0.01
18805,7.99,-3.65,4.51,-0.02,-0.04,0.01
18818,8.01,-3.68,4.36,-0.06,-0.05,0.03
18831,8.01,-3.76,4.35,-0.07,-0.06,0.03
18844,8.01,-3.84,4.37,-0.07,-0.05,0.04
18857,8.04,-4.12,4.28,-0.06,-0.05,0.02
18870,8.04,-4.11,4.22,-0.04,-0.04,0.00
18883,8.04,-3.96,4.26,-0.01,-0.03,-0.02
18896,8.06,-3.74,4.20,0.01,-0.02,-0.02
18909,8.01,-3.89,4.43,0.02,-0.01,-0.02
18922,7.99,-3.73,4.47,0.02,-0.01,-0.02
18935,8.00,-3.63,4.45,0.04,-0.03,-0.00
18948,8.01,-3.65,4.41,0.03,-0.03,0.01
18961,8.02,-3.78,4.37,0.01,-0.04,0.02
18974,8.06,-3.80,4.17,-0.00,-0.04,0.01
18987,8.02,-4.07,4.39,-0.02,-0.03,0.00
19000,8.06,-3.79,4.15,0.04,-0.02,-0.00
19013,8.02,-3.82,4.34,0.03,-0.01,-0.01
19026,7.99,-3.86,4.46,0.04,-0.00,-0.01
19039,7.98,-3.78,4.52,0.03,-0.01,-0.01
19052,7.98,-3.71,4.40,0.00,-0.02,-0.02
19065,8.04,-3.74,4.24,-0.02,-0.03,-0.01
19078,8.06,-3.84,4.18,-0.01,-0.02,-0.01
19091,8.06,-3.83,4.14,0.03,-0.00,-0.01
19104,8.01,-3.76,4.43,0.12,0.03,0.00
19117,8.00,-3.74,4.49,0.13,0.03,0.00
19130,7.98,-3.68,4.54,0.11,0.02,0.00
19143,7.97,-3.63,4.59,0.05,-0.01,0.02
19156,7.97,-3.66,4.57,0.01,-0.02,0.02
19169,7.99,-3.63,4.50,-0.02,-0.03,0.02
19182,8.02,-3.79,4.30,-0.06,-0.04,0.03
19195,8.04,-3.92,4.23,-0.05,-0.03,0.03
19208,8.04,-3.99,4.26,-0.03,-0.01,0.02
19221,8.00,-3.83,4.44,0.04,0.01,0.01
19234,7.97,-3.61,4.53,0.06,0.01,0.01
19247,7.97,-3.49,4.61,0.05,-0.00,0.02
19260,7.95,-3.72,4.60,-0.03,-0.03,0.05
19273,7.97,-3.93,4.55,-0.06,-0.05,0.05
19286,8.00,-4.06,4.46,-0.05,-0.05,0.04
19299,8.03,-4.17,4.30,-0.03,-0.05,0.00
19312,8.01,-4.04,4.35,0.04,-0.03,-0.02
19325,7.99,-3.84,4.40,0.06,-0.03,-0.04
19338,8.00,-3.62,4.41,0.07,-0.02,-0.04
19351,8.01,-3.63,4.40,0.02,-0.02,-0.03
19364,8.00,-3.63,4.44,0.00,-0.02,-0.02
19377,7.99,-3.68,4.44,-0.02,-0.02,-0.02
19390,8.00,-3.74,4.38,-0.07,-0.03,-0.01
19403,8.01,-3.73,4.38,-0.08,-0.02,-0.01
19416,8.01,-3.66,4.37,-0.08,-0.02,-0.00
19429,7.97,-3.53,4.53,-0.03,-0.00,0.02
19442,7.89,-3.47,4.82,-0.04,-0.01,0.04
19455,7.90,-3.53,4.78,-0.08,-0.04,0.06
19468,7.98,-3.38,4.17,-0.11,-0.08,0.11
19481,8.51,-3.96,4.39,-0.17,-0.07,0.13
19494,9.17,-4.36,4.84,-0.20,-0.11,0.07
19507,7.07,-4.02,4.95,-0.40,-0.26,-0.16
19520,8.45,-3.04,3.53,-0.05,-0.24,-0.03
19533,7.60,-4.09,3.38,-0.17,-0.20,-0.01
19546,8.06,-3.84,3.99,0.00,-0.06,-0.03
19559,7.71,-3.88,4.83,-0.07,-0.05,-0.05
19572,7.98,-3.89,4.22,0.10,-0.07,0.00
19585,7.92,-3.58,3.84,0.09,-0.03,0.01
19598,8.04,-3.63,4.22,-0.09,-0.01,0.01
19611,7.99,-3.82,4.49,-0.19,-0.00,0.02
19624,8.00,-4.21,4.47,-0.29,-0.02,-0.01
19637,8.07,-4.06,4.16,-0.19,-0.06,-0.01
19650,8.07,-4.09,4.13,-0.10,-0.05,-0.01
19663,8.06,-4.02,4.20,-0.02,-0.04,-0.01
19676,8.07,-3.73,4.09,-0.01,-0.04,-0.01
19689,8.07,-3.91,4.12,-0.07,-0.03,-0.01
19702,8.06,-4.03,4.16,-0.12,-0.03,-0.02
19715,8.08,-4.07,4.04,-0.09,-0.01,-0.03
19728,8.07,-4.14,4.05,-0.03,0.01,-0.03
19741,8.06,-4.30,4.10,-0.00,0.02,-0.04
19754,8.07,-4.37,4.16,-0.01,0.04,-0.11
19767,8.09,-4.37,4.08,-0.02,0.04,-0.14
19780,8.07,-4.26,4.15,0.01,0.06,-0.18
19793,8.00,-4.00,4.67,0.08,0.06,-0.22
19806,7.98,-3.72,4.72,0.05,0.03,-0.24
19819,8.02,-3.60,4.52,-0.02,-0.01,-0.24
19832,8.04,-3.74,4.55,-0.23,-0.05,-0.25
19845,8.05,-3.77,4.57,-0.27,-0.08,-0.25
19858,7.93,-3.90,4.66,-0.26,-0.10,-0.25
19871,8.01,-3.80,3.14,0.11,0.07,-0.01
19884,7.15,-4.49,4.12,0.21,0.19,0.05
19897,7.57,-4.02,4.23,0.32,0.27,0.09
19910,7.79,-4.66,4.82,0.25,0.30,0.16
19923,7.60,-4.55,5.00,0.19,0.22,0.21
19936,7.06,-4.73,5.18,0.07,0.12,0.23
19949,7.38,-5.84,4.61,0.04,0.05,0.27
19962,4.61,-4.31,5.93,-0.07,-0.06,0.07
19975,7.69,-5.45,3.46,0.02,-0.07,0.28
19988,8.32,-6.88,3.35,0.15,0.10,0.25
20001,6.78,-4.87,4.95,0.59,0.14,0.28
20014,6.75,-5.37,5.50,0.70,0.07,0.38
20027,8.19,-4.55,4.97,0.72,-0.10,0.45
20040,7.30,-5.75,4.22,0.57,-0.22,0.53
20053,8.37,-5.34,3.83,0.55,-0.17,0.40
20066,7.00,-5.55,4.59,0.52,-0.14,0.26
20079,8.60,-5.87,4.89,0.55,0.04,-0.06
20092,6.94,-4.94,4.35,0.64,0.06,-0.15
20105,7.95,-5.00,3.91,0.69,0.03,-0.21
20118,6.84,-4.17,3.80,0.83,0.06,-0.15
20131,8.91,-4.50,4.23,0.88,0.00,-0.06
20144,6.45,-3.19,4.09,0.88,0.01,-0.03
20157,7.74,-3.01,4.74,0.97,-0.01,0.19
20170,8.93,-2.73,4.12,0.94,-0.10,0.33
20183,7.42,-2.90,4.33,0.84,-0.15,0.42
20196,9.18,-4.16,3.91,0.64,-0.27,0.41
20209,8.74,-3.91,3.99,0.47,-0.24,0.27
20222,8.37,-3.75,3.39,0.60,-0.25,0.27
20235,8.38,-2.89,3.29,0.72,-0.25,0.26
20248,8.56,-2.72,4.16,0.96,-0.29,0.41
20261,8.60,-2.51,4.43,0.96,-0.39,0.47
20274,8.94,-1.63,3.87,0.87,-0.44,0.49
20287,8.48,-2.27,4.35,0.63,-0.36,0.55
20300,9.55,-3.07,4.40,0.41,-0.40,0.47
20313,8.64,-3.03,2.89,0.40,-0.36,0.35
20326,8.13,-2.60,4.49,0.57,-0.31,0.23
20339,9.05,-2.14,4.31,0.62,-0.37,0.26
20352,8.13,-1.95,4.21,0.64,-0.42,0.32
20365,8.70,-1.84,4.81,0.32,-0.37,0.46
20378,7.98,-1.91,4.19,0.22,-0.39,0.54
20391,9.01,-2.77,3.97,0.18,-0.34,0.56
20404,9.05,-3.58,3.53,0.08,-0.27,0.43
20417,8.81,-3.44,3.88,0.14,-0.22,0.30
20430,8.23,-3.40,4.36,0.23,-0.15,0.18
20443,8.50,-3.48,4.33,0.45,-0.06,0.08
20456,9.17,-3.34,4.13,0.50,-0.06,-0.01
20469,8.83,-3.24,4.18,0.44,-0.01,-0.11
20482,8.18,-2.31,4.19,0.49,0.06,-0.19
20495,8.71,-2.77,4.85,0.35,0.12,-0.22
20508,7.80,-2.46,4.37,0.42,0.13,-0.22
20521,8.98,-2.27,5.01,0.39,0.13,-0.13
20534,8.22,-2.31,5.67,0.29,0.07,-0.15
20547,7.81,-1.28,5.02,0.40,-0.05,-0.06
20560,8.46,-2.01,5.28,0.19,-0.10,0.01
20573,7.94,-2.58,5.11,-0.14,-0.24,0.03
20586,8.54,-2.45,4.30,-0.09,-0.18,0.09
20599,7.35,-3.29,5.71,-0.19,-0.18,0.04
20612,7.89,-2.82,5.15,0.05,-0.13,0.05
20625,8.23,-2.96,4.43,0.06,-0.10,0.04
20638,8.58,-3.11,5.10,0.13,-0.03,-0.03
20651,8.43,-2.67,5.53,0.21,-0.16,-0.16
20664,8.51,-2.58,5.43,0.19,-0.20,-0.21
20677,8.39,-2.78,5.65,0.12,-0.24,-0.29
20690,8.22,-2.28,5.28,-0.12,-0.26,-0.47
20703,7.93,-2.36,5.50,-0.14,-0.29,-0.49
20716,7.89,-1.89,4.99,-0.16,-0.32,-0.50
20729,8.49,-1.61,4.52,-0.08,-0.25,-0.24
20742,7.93,-1.26,5.39,0.02,-0.23,-0.14
20755,8.78,-0.92,5.04,-0.04,-0.22,-0.09
20768,8.24,-1.09,5.29,-0.32,-0.26,0.01
20781,8.22,-1.16,5.15,-0.61,-0.25,0.04
20794,8.08,-1.62,5.22,-0.83,-0.28,0.13
20807,8.80,-2.74,4.13,-1.03,-0.21,0.11
20820,8.12,-2.96,4.86,-0.99,-0.14,0.03
20833,8.56,-2.47,4.75,-0.88,-0.15,-0.07
20846,8.07,-2.96,4.37,-0.92,-0.12,-0.09
20859,8.04,-2.79,4.40,-0.88,-0.00,-0.17
20872,8.16,-3.54,4.77,-0.91,-0.02,-0.18
20885,8.40,-3.52,3.78,-0.76,0.01,-0.13
20898,8.27,-3.26,4.24,-0.70,0.11,-0.25
20911,8.40,-3.80,4.41,-0.72,0.17,-0.31
20924,7.62,-2.96,4.69,-0.66,0.18,-0.34
20937,8.03,-3.30,4.33,-0.66,0.14,-0.15
20950,7.63,-3.19,4.85,-0.68,0.13,-0.13
20963,8.09,-3.16,4.51,-0.65,0.12,-0.05
20976,8.76,-3.38,4.29,-0.71,0.12,0.03
20989,7.82,-3.22,4.53,-0.78,0.20,-0.10
21002,7.73,-2.85,4.62,-0.80,0.27,-0.12
21014,8.25,-4.02,4.58,-0.88,0.31,-0.21
21027,7.70,-4.03,4.94,-0.91,0.27,-0.23
21040,7.45,-4.11,4.71,-0.89,0.21,-0.20
21053,7.04,-3.80,5.41,-0.82,0.23,-0.15
21066,6.87,-3.21,5.04,-0.66,0.09,-0.05
21079,8.01,-5.71,4.37,-0.54,0.05,0.18
21092,7.64,-3.58,5.02,-0.78,-0.04,-0.02
21105,7.99,-5.16,4.09,-0.87,0.26,-0.14
21118,8.02,-4.65,4.76,-0.79,0.35,-0.32
21131,7.31,-4.26,4.30,-0.59,0.42,-0.32
21144,7.91,-3.91,5.24,-0.44,0.47,-0.25
21157,6.47,-4.19,5.81,-0.55,0.32,-0.18
21170,7.83,-4.63,4.13,-0.55,0.24,-0.05
21183,6.82,-5.05,4.42,-0.62,0.10,0.07
21196,8.40,-4.72,4.04,-0.63,0.13,0.03
21209,7.25,-5.04,5.04,-0.68,0.15,-0.03
21222,7.45,-4.97,4.46,-0.61,0.26,-0.18
21235,7.81,-5.29,4.65,-0.58,0.21,-0.16
21248,7.38,-5.30,3.99,-0.56,0.15,-0.15
21261,7.29,-5.21,3.80,-0.30,0.23,-0.14
21274,7.35,-4.98,4.56,-0.24,0.18,-0.09
21287,7.74,-4.62,4.25,-0.27,0.06,-0.05
21300,6.86,-5.73,3.69,-0.33,-0.03,0.00
21313,8.67,-5.13,3.27,-0.28,-0.03,-0.02
21326,6.78,-5.64,4.01,-0.24,-0.07,-0.02
21339,8.02,-5.88,2.94,0.03,-0.04,0.00
21352,8.00,-5.28,3.58,0.15,0.11,-0.08
21365,7.28,-4.16,3.64,0.25,0.15,-0.08
21378,7.53,-5.05,3.81,0.33,0.11,0.04
21391,7.31,-4.38,3.74,0.32,0.11,0.04
21404,8.01,-4.51,4.03,0.44,0.11,0.14
21417,7.06,-4.59,4.72,0.55,-0.00,0.25
21430,6.76,-3.97,4.53,0.50,-0.23,0.34
21443,8.33,-3.92,3.68,0.45,-0.29,0.42
21456,7.84,-4.54,4.10,0.21,-0.22,0.35
21469,7.95,-4.46,3.71,0.24,-0.09,0.28
21482,8.66,-3.87,3.85,0.25,-0.04,0.20
21495,8.30,-4.33,3.78,0.16,-0.06,0.17
21508,8.35,-3.86,4.19,0.15,-0.08,0.10
21521,9.68,-3.27,2.87,0.23,-0.04,0.00
21534,9.36,-3.76,4.21,0.27,0.01,-0.13
21547,9.71,-1.94,4.00,0.27,-0.03,-0.46
21560,8.45,-1.54,3.83,0.27,-0.05,-0.53
21573,8.23,-1.69,2.79,0.36,-0.01,-0.40
21586,8.11,-1.79,3.54,0.85,0.21,-0.04
21599,10.59,-1.36,3.47,0.96,0.26,0.09
21612,7.84,0.17,6.97,1.05,0.14,0.00
21625,9.10,-2.71,4.77,0.51,0.14,0.10
21638,9.19,-2.95,4.02,-1.00,-0.25,0.13
21651,8.97,-3.04,3.50,-1.13,-0.26,-0.03
21664,8.85,-3.90,3.82,-0.39,-0.18,-0.10
21677,8.41,-2.97,4.08,0.08,-0.04,-0.28
21690,8.71,-2.62,4.08,-0.12,-0.03,-0.32
21703,8.32,-3.30,4.82,-0.43,-0.05,-0.32
21716,8.72,-3.42,3.30,-0.52,0.01,-0.34
21729,7.80,-3.46,4.54,-0.46,0.05,-0.33
21742,7.83,-4.11,3.82,-0.41,0.06,-0.25
21755,7.59,-4.12,4.37,-0.46,0.12,-0.16
21768,7.13,-4.85,4.26,-0.49,0.10,-0.11
21781,7.54,-4.83,3.53,-0.42,0.15,-0.04
21794,6.67,-4.85,4.34,-0.33,0.11,0.08
21807,7.15,-6.45,3.81,-0.35,0.06,0.16
21820,7.95,-6.10,3.60,-0.29,0.11,0.11
21833,7.49,-6.93,4.02,-0.21,0.12,-0.05
21846,8.09,-6.68,3.59,-0.13,0.17,-0.22
21859,7.98,-6.54,3.95,-0.09,0.17,-0.38
21872,8.12,-5.92,3.24,0.03,0.06,-0.51
21885,7.56,-4.86,3.53,0.30,0.01,-0.44
21898,7.63,-3.98,4.33,0.29,-0.01,-0.40
21911,7.72,-3.35,4.01,0.40,-0.16,-0.12
21924,7.51,-3.81,4.09,0.33,-0.24,0.03
21937,8.60,-3.33,3.56,0.30,-0.27,0.06
21950,7.92,-3.53,3.75,0.22,-0.21,0.07
21963,8.28,-3.52,4.55,0.40,-0.19,0.16
21976,8.89,-3.33,3.87,0.36,-0.20,0.17
21989,7.66,-2.92,4.41,0.34,-0.16,0.14
22002,8.07,-3.30,5.00,0.28,-0.17,0.28
22015,8.71,-3.56,4.52,0.29,-0.19,0.29
22028,8.16,-3.03,4.25,0.29,-0.07,0.16
22041,7.78,-2.65,4.95,0.35,0.25,-0.09
22054,9.10,-3.74,5.08,0.23,0.38,-0.25
22067,6.92,-1.16,5.44,0.33,0.36,-0.37
22080,7.89,-2.43,6.09,0.46,0.35,-0.16
22093,7.66,-1.66,5.80,0.38,0.29,-0.16
22106,7.75,-1.69,5.95,0.35,0.31,-0.14
22119,7.62,-1.04,6.42,0.30,0.23,0.01
22132,7.63,-1.14,6.53,0.20,0.14,0.12
22145,7.70,-1.79,6.31,-0.07,-0.01,0.24
22158,7.82,-2.93,5.69,-0.61,-0.21,0.38
22171,7.94,-3.56,4.96,-0.80,-0.27,0.41
22184,8.00,-4.18,4.41,-0.72,-0.30,0.40
22197,8.14,-4.95,3.96,-0.41,-0.28,0.29
22210,8.19,-5.15,3.77,-0.28,-0.24,0.21
22223,8.24,-5.26,3.64,-0.15,-0.18,0.11
22236,8.19,-4.42,3.78,-0.01,-0.11,-0.06
22249,8.15,-3.98,3.84,0.11,0.00,-0.12
22262,8.12,-3.89,4.04,0.11,0.05,-0.14
22275,8.09,-3.61,4.25,0.10,0.08,-0.16
22288,8.06,-2.99,4.21,0.11,0.13,-0.13
22301,8.03,-2.93,4.33,0.09,0.15,-0.09
22314,7.99,-2.86,4.61,0.13,0.16,-0.03
22327,7.92,-2.95,4.98,0.08,0.12,0.08
22340,7.93,-3.00,4.87,0.04,0.09,0.12
22353,7.92,-3.15,4.85,-0.01,0.07,0.16
22366,7.94,-3.92,4.79,-0.07,0.03,0.18
22379,7.94,-3.95,4.79,-0.06,0.02,0.16
22392,7.93,-3.82,4.73,-0.04,0.01,0.14
22405,7.96,-3.52,4.40,-0.10,-0.01,0.13
22418,7.99,-4.05,4.39,-0.12,0.01,0.14
22431,7.95,-3.90,4.51,-0.08,0.02,0.12
22444,7.92,-3.74,4.56,-0.04,0.03,0.11
22457,7.94,-3.94,4.50,-0.07,0.03,0.10
22470,7.90,-4.07,4.75,-0.08,0.04,0.08
22483,7.94,-4.23,4.58,-0.07,0.01,0.03
22496,7.92,-4.12,4.56,-0.02,0.02,0.00
22509,7.87,-3.83,4.75,-0.02,0.02,-0.03
22522,7.92,-3.74,4.43,-0.05,0.01,-0.04
22535,7.93,-3.87,4.43,-0.08,0.02,-0.03
22548,7.91,-3.85,4.57,-0.04,0.04,-0.03
22561,7.89,-3.74,4.61,0.01,0.05,-0.03
22574,7.88,-3.66,4.74,0.06,0.05,-0.02
