0,-0.02,-0.03,0.02
91761,9.17,-2.50,2.60,0.01,-0.03,0.01
91774,9.21,-2.50,2.61,0.01,-0.03,0.01
91787,9.18,-2.53,2.60,0.01,-0.03,0.01
91800,9.18,-2.49,2.57,0.01,-0.02,0.01
91813,9.17,-2.54,2.62,0.02,-0.02,0.02
91826,9.20,-2.54,2.60,0.01,-0.03,0.02
91839,9.19,-2.50,2.56,0.01,-0.03,0.01
91852,9.19,-2.50,2.51,-0.01,-0.03,0.02
91865,9.19,-2.45,2.59,0.00,-0.02,0.02
91878,9.18,-2.54,2.55,0.00,-0.02,0.02
91891,9.19,-2.60,2.54,-0.01,-0.02,0.03
91904,9.17,-2.58,2.57,0.00,-0.02,0.02
91917,9.18,-2.50,2.55,0.02,-0.01,0.02
91930,9.16,-2.42,2.62,0.01,-0.01,0.03
91943,9.16,-2.47,2.60,-0.01,-0.02,0.04
91956,9.18,-2.60,2.62,-0.02,-0.02,0.05
91969,9.18,-2.64,2.61,-0.00,-0.02,0.03
91982,9.16,-2.50,2.58,0.01,-0.02,0.03
91995,9.17,-2.52,2.62,0.00,-0.02,0.03
92008,9.17,-2.54,2.63,-0.02,-0.03,0.04
92021,9.17,-2.69,2.60,-0.02,-0.03,0.04
92034,9.18,-2.72,2.62,-0.00,-0.03,0.04
92047,9.16,-2.62,2.62,0.02,-0.03,0.02
92060,9.16,-2.55,2.67,0.01,-0.03,0.02
92073,9.14,-2.55,2.70,-0.00,-0.03,0.02
92086,9.16,-2.70,2.65,-0.02,-0.05,0.01
92099,9.16,-2.77,2.65,-0.01,-0.05,0.01
92112,9.16,-2.73,2.66,0.00,-0.05,-0.00
92125,9.16,-2.49,2.64,0.01,-0.06,-0.01
92138,9.17,-2.61,2.59,-0.01,-0.07,-0.01
92151,9.20,-2.75,2.52,-0.02,-0.07,-0.02
92164,9.18,-2.74,2.57,-0.01,-0.06,-0.03
92177,9.18,-2.57,2.53,0.01,-0.06,-0.05
92190,9.19,-2.56,2.53,0.00,-0.06,-0.06
92203,9.19,-2.52,2.52,-0.00,-0.05,-0.05
92216,9.17,-2.39,2.56,0.02,-0.05,-0.04
92229,9.17,-2.33,2.57,0.02,-0.05,-0.02
92242,9.18,-2.25,2.56,0.01,-0.05,-0.01
92255,9.22,-2.61,2.49,-0.01,-0.04,0.02
92268,9.19,-2.71,2.50,0.01,-0.04,0.02
92281,9.20,-2.70,2.53,0.03,-0.03,0.01
92294,9.17,-2.47,2.60,0.02,-0.03,0.00
92307,9.19,-2.31,2.50,-0.01,-0.03,0.01
92320,9.20,-2.50,2.47,-0.04,-0.03,0.02
92333,9.19,-2.73,2.61,0.04,-0.01,0.02
92346,9.16,-2.64,2.70,0.06,-0.01,0.01
92359,9.15,-2.54,2.72,0.06,-0.02,0.01
92372,9.18,-2.47,2.57,-0.03,-0.05,0.01
92385,9.21,-2.59,2.49,-0.04,-0.05,0.01
92398,9.19,-2.55,2.54,-0.02,-0.04,0.01
92411,9.18,-2.65,2.57,0.02,-0.04,0.02
92424,9.19,-2.68,2.56,0.01,-0.04,0.01
92437,9.19,-2.74,2.55,0.00,-0.04,-0.00
92450,9.19,-2.67,2.54,0.00,-0.04,-0.01
92463,9.19,-2.59,2.52,0.02,-0.04,-0.03
92476,9.18,-2.51,2.54,0.02,-0.04,-0.03
92489,9.19,-2.44,2.54,0.02,-0.04,-0.03
92502,9.19,-2.48,2.56,0.02,-0.04,-0.01
92515,9.18,-2.43,2.59,0.03,-0.04,-0.01
92528,9.19,-2.45,2.57,0.03,-0.04,0.00
92541,9.18,-2.51,2.57,0.02,-0.04,0.01
92554,9.19,-2.57,2.54,0.01,-0.04,0.01
92567,9.19,-2.57,2.48,0.00,-0.04,0.01
92580,9.20,-2.54,2.52,0.02,-0.03,0.01
92593,9.19,-2.50,2.55,0.02,-0.03,0.01
92606,9.18,-2.50,2.55,0.00,-0.03,0.01
92619,9.19,-2.57,2.48,-0.03,-0.02,0.01
92632,9.20,-2.58,2.45,-0.03,-0.02,0.01
92645,9.20,-2.61,2.47,-0.01,-0.01,0.01
92658,9.18,-2.53,2.58,0.01,0.01,0.01
92671,9.16,-2.38,2.65,0.01,0.00,0.01
92684,9.16,-2.26,2.64,-0.01,-0.00,0.02
92697,9.19,-2.58,2.52,-0.04,-0.01,0.05
92710,9.19,-2.74,2.56,-0.02,-0.01,0.06
92723,9.18,-2.76,2.59,0.01,-0.00,0.05
92736,9.15,-2.56,2.67,0.04,-0.00,0.03
92749,9.15,-2.49,2.62,-0.01,-0.02,0.03
92762,9.18,-2.62,2.59,-0.04,-0.02,0.03
92775,9.18,-2.90,2.51,-0.05,-0.02,0.03
92788,9.18,-2.77,2.57,0.01,-0.01,-0.00
92801,9.15,-2.61,2.65,0.03,-0.01,-0.01
92814,9.15,-2.46,2.65,0.02,-0.02,-0.01
92827,9.17,-2.63,2.61,-0.02,-0.03,-0.01
92840,9.18,-2.71,2.58,-0.01,-0.03,-0.01
92853,9.18,-2.70,2.58,0.02,-0.02,-0.02
92866,9.16,-2.48,2.62,0.04,-0.02,-0.02
92879,9.17,-2.38,2.56,0.02,-0.03,-0.02
92892,9.16,-2.48,2.62,0.00,-0.03,-0.01
92905,9.18,-2.75,2.57,0.01,-0.03,-0.01
92918,9.17,-2.72,2.63,0.03,-0.03,-0.02
92931,9.17,-2.58,2.63,0.05,-0.03,-0.02
92944,9.16,-2.36,2.68,0.03,-0.04,-0.02
92957,9.17,-2.36,2.63,0.00,-0.05,-0.01
92970,9.17,-2.45,2.58,-0.02,-0.05,0.01
92983,9.19,-2.51,2.54,-0.01,-0.04,0.02
92996,9.18,-2.49,2.55,0.00,-0.04,0.03
93009,9.19,-2.53,2.53,-0.01,-0.04,0.03
93022,9.18,-2.58,2.52,-0.02,-0.03,0.03
93035,9.18,-2.62,2.53,-0.01,-0.02,0.03
93048,9.18,-2.62,2.51,-0.01,-0.02,0.03
93061,9.17,-2.70,2.54,-0.01,-0.01,0.03
93074,9.18,-2.63,2.53,-0.01,-0.00,0.02
93087,9.16,-2.56,2.59,-0.00,0.00,0.02
93100,9.16,-2.50,2.60,-0.00,0.00,0.02
93113,9.17,-2.60,2.62,-0.01,0.00,0.03
93126,9.16,-2.65,2.64,-0.00,-0.00,0.03
93139,9.16,-2.64,2.64,0.01,-0.00,0.03
93152,9.15,-2.66,2.65,0.01,-0.01,0.03
93165,9.14,-2.62,2.67,0.00,-0.01,0.02
93178,9.17,-2.67,2.57,0.01,-0.01,0.02
93191,9.14,-2.59,2.66,0.01,-0.01,0.01
93204,9.14,-2.54,2.66,-0.00,-0.02,0.02
93217,9.15,-2.61,2.61,-0.01,-0.02,0.02
93230,9.14,-2.70,2.63,-0.01,-0.02,0.02
93243,9.15,-2.70,2.61,-0.00,-0.02,0.01
93256,9.14,-2.63,2.62,-0.00,-0.02,0.01
93269,9.17,-2.67,2.58,-0.01,-0.02,0.01
93282,9.16,-2.67,2.61,0.00,-0.02,0.01
93295,9.15,-2.65,2.67,0.01,-0.02,0.01
93308,9.14,-2.52,2.66,0.01,-0.02,0.01
93321,9.14,-2.58,2.65,-0.00,-0.02,0.01
93334,9.15,-2.67,2.62,-0.01,-0.03,0.01
93347,9.15,-2.71,2.61,-0.00,-0.03,0.01
93360,9.15,-2.70,2.62,0.02,-0.02,0.00
93373,9.15,-2.70,2.60,0.02,-0.02,-0.00
93386,9.15,-2.73,2.59,0.01,-0.02,-0.01
93399,9.16,-2.74,2.60,0.02,-0.01,-0.02
93412,9.15,-2.66,2.62,0.04,-0.01,-0.03
93425,9.14,-2.57,2.68,0.05,-0.01,-0.03
93438,9.14,-2.48,2.63,0.03,-0.01,-0.02
93451,9.15,-2.47,2.62,0.01,-0.01,-0.01
93464,9.13,-2.44,2.65,0.01,-0.01,0.00
93477,9.14,-2.49,2.65,0.01,-0.01,0.03
93490,9.14,-2.50,2.67,0.01,-0.01,0.04
93503,9.14,-2.60,2.67,0.00,-0.01,0.05
93516,9.13,-2.70,2.68,-0.00,-0.01,0.05
93529,9.14,-2.73,2.65,0.00,-0.01,0.04
93542,9.14,-2.77,2.66,0.01,-0.01,0.03
93555,9.13,-2.72,2.67,0.01,-0.01,0.02
93568,9.14,-2.71,2.68,0.02,-0.01,0.01
93581,9.12,-2.66,2.73,0.02,-0.01,0.01
93594,9.13,-2.65,2.70,0.01,-0.01,0.00
93607,9.13,-2.60,2.73,0.01,-0.01,0.01
93620,9.12,-2.59,2.71,0.01,-0.02,0.01
93633,9.12,-2.62,2.71,0.01,-0.02,0.01
93646,9.13,-2.64,2.69,0.01,-0.02,0.02
93659,9.13,-2.63,2.70,0.02,-0.03,0.02
93672,9.13,-2.67,2.67,0.01,-0.03,0.02
93685,9.13,-2.76,2.69,0.01,-0.03,0.01
93698,9.13,-2.69,2.68,0.01,-0.03,0.01
93711,9.12,-2.64,2.73,0.02,-0.02,0.01
93724,9.12,-2.56,2.72,0.01,-0.03,0.01
93737,9.12,-2.61,2.66,-0.01,-0.04,0.02
93750,9.12,-2.65,2.68,-0.01,-0.03,0.02
93763,9.13,-2.67,2.66,0.01,-0.03,0.02
93776,9.12,-2.68,2.66,0.01,-0.03,0.02
93789,9.13,-2.70,2.66,0.01,-0.03,0.02
93802,9.13,-2.73,2.72,0.02,-0.02,0.01
93815,9.12,-2.71,2.70,0.02,-0.02,0.01
93828,9.11,-2.65,2.75,0.02,-0.02,0.00
93841,9.11,-2.60,2.71,-0.00,-0.03,0.01
93854,9.11,-2.61,2.67,-0.01,-0.03,0.01
93867,9.13,-2.66,2.64,-0.01,-0.03,0.01
93880,9.13,-2.69,2.66,0.02,-0.02,0.02
93893,9.12,-2.70,2.69,0.02,-0.02,0.01
93906,9.13,-2.73,2.66,0.01,-0.02,0.01
93919,9.12,-2.77,2.65,0.01,-0.01,0.00
93932,9.13,-2.78,2.66,0.02,-0.01,-0.01
93945,9.12,-2.68,2.74,0.03,-0.01,-0.01
93958,9.10,-2.55,2.74,0.04,-0.01,-0.01
93971,9.10,-2.62,2.79,0.02,-0.02,-0.01
93984,9.11,-2.61,2.73,0.01,-0.02,-0.00
93997,9.11,-2.64,2.72,0.01,-0.03,-0.00
94010,9.11,-2.54,2.76,0.02,-0.03,0.01
94023,9.10,-2.49,2.75,0.01,-0.03,0.02
94036,9.11,-2.51,2.71,-0.01,-0.03,0.03
94049,9.13,-2.74,2.62,-0.03,-0.03,0.04
94062,9.11,-2.80,2.67,-0.01,-0.03,0.03
94075,9.12,-2.80,2.67,-0.00,-0.02,0.03
94088,9.10,-2.76,2.73,0.01,-0.02,0.01
94101,9.11,-2.77,2.73,0.00,-0.02,-0.00
94114,9.11,-2.74,2.73,0.01,-0.02,-0.01
94127,9.10,-2.66,2.76,0.01,-0.03,-0.01
94140,9.10,-2.59,2.77,0.01,-0.03,-0.01
94153,9.10,-2.60,2.75,0.01,-0.04,-0.01
94166,9.11,-2.65,2.73,0.02,-0.04,0.00
94179,9.11,-2.72,2.72,0.02,-0.04,0.00
94192,9.11,-2.80,2.72,0.03,-0.04,0.00
94205,9.11,-2.78,2.75,0.03,-0.05,-0.02
94218,9.11,-2.72,2.76,0.03,-0.05,-0.03
94231,9.11,-2.66,2.76,0.02,-0.05,-0.03
94244,9.12,-2.62,2.69,0.00,-0.06,-0.04
94257,9.13,-2.60,2.68,-0.00,-0.06,-0.03
94270,9.12,-2.56,2.67,0.00,-0.05,-0.03
94283,9.13,-2.50,2.63,0.00,-0.05,-0.02
94296,9.13,-2.50,2.65,-0.00,-0.04,-0.01
94309,9.13,-2.49,2.63,-0.00,-0.04,0.00
94322,9.14,-2.55,2.63,0.00,-0.04,0.02
94335,9.13,-2.64,2.67,0.01,-0.03,0.03
94348,9.13,-2.74,2.65,0.00,-0.03,0.03
94361,9.13,-2.78,2.65,-0.00,-0.03,0.02
94374,9.14,-2.79,2.63,0.01,-0.02,0.00
94387,9.13,-2.74,2.67,0.03,-0.01,-0.01
94400,9.12,-2.64,2.73,0.03,-0.01,-0.01
94413,9.12,-2.61,2.76,0.01,-0.02,-0.01
94426,9.11,-2.62,2.77,0.00,-0.02,-0.01
94439,9.11,-2.59,2.75,0.01,-0.03,-0.01
94452,9.12,-2.58,2.72,-0.00,-0.03,-0.00
94465,9.13,-2.63,2.70,-0.01,-0.04,0.00
94478,9.12,-2.66,2.73,-0.00,-0.04,0.01
94491,9.13,-2.70,2.67,0.00,-0.04,0.00
94504,9.13,-2.67,2.66,0.00,-0.04,-0.00
94517,9.13,-2.66,2.66,0.00,-0.04,-0.01
94530,9.12,-2.62,2.68,0.01,-0.03,-0.01
94543,9.13,-2.61,2.67,0.01,-0.03,-0.01
94556,9.13,-2.58,2.68,0.01,-0.03,-0.01
94569,9.13,-2.59,2.71,0.01,-0.03,-0.00
94582,9.12,-2.60,2.71,0.02,-0.03,0.01
94595,9.11,-2.58,2.74,0.02,-0.03,0.01
94608,9.11,-2.54,2.75,0.01,-0.03,0.02
94621,9.13,-2.68,2.70,-0.01,-0.04,0.02
94634,9.12,-2.72,2.68,-0.01,-0.04,0.02
94647,9.14,-2.78,2.67,-0.01,-0.04,0.01
94660,9.12,-2.78,2.71,0.01,-0.04,-0.00
94673,9.13,-2.72,2.70,0.01,-0.04,-0.01
94686,9.12,-2.69,2.67,0.01,-0.04,-0.02
94699,9.13,-2.67,2.68,0.02,-0.03,-0.02
94712,9.14,-2.57,2.65,0.03,-0.03,-0.03
94725,9.13,-2.55,2.66,0.03,-0.03,-0.02
94738,9.12,-2.54,2.69,0.02,-0.03,-0.01
94751,9.13,-2.53,2.68,0.01,-0.03,-0.00
94764,9.12,-2.53,2.70,0.02,-0.03,0.00
94777,9.13,-2.50,2.73,0.02,-0.03,0.02
94790,9.12,-2.59,2.69,0.01,-0.04,0.03
94803,9.14,-2.71,2.65,0.00,-0.04,0.03
94816,9.13,-2.73,2.69,0.02,-0.03,0.02
94829,9.14,-2.69,2.69,0.02,-0.03,0.01
94842,9.12,-2.64,2.74,0.01,-0.03,0.01
94855,9.14,-2.75,2.64,-0.01,-0.04,0.00
94868,9.14,-2.72,2.62,-0.02,-0.03,-0.01
94881,9.14,-2.67,2.63,-0.00,-0.03,-0.01
94894,9.14,-2.54,2.68,0.01,-0.03,-0.01
94907,9.14,-2.54,2.62,-0.01,-0.03,0.00
94920,9.11,-2.58,2.69,-0.00,-0.02,0.01
94933,9.12,-2.53,2.69,0.01,-0.02,0.02
94946,9.12,-2.62,2.71,0.01,-0.02,0.03
94959,9.13,-2.66,2.67,-0.00,-0.02,0.03
94972,9.13,-2.74,2.70,-0.01,-0.02,0.02
94985,9.12,-2.71,2.71,0.00,-0.03,0.01
94998,9.11,-2.71,2.70,-0.00,-0.03,0.00
95011,9.13,-2.68,2.70,-0.01,-0.03,-0.00
95024,9.14,-2.75,2.67,-0.00,-0.03,-0.01
95037,9.13,-2.62,2.68,0.00,-0.03,-0.02
95050,9.11,-2.58,2.71,0.00,-0.03,-0.02
95063,9.14,-2.57,2.64,-0.01,-0.03,-0.01
95076,9.13,-2.62,2.66,-0.01,-0.02,-0.01
95089,9.12,-2.57,2.68,0.01,-0.02,-0.00
95102,9.12,-2.53,2.71,0.00,-0.02,0.01
95115,9.12,-2.58,2.70,-0.01,-0.02,0.02
95128,9.12,-2.60,2.72,-0.02,-0.02,0.02
95141,9.14,-2.65,2.65,-0.01,-0.02,0.03
95154,9.13,-2.67,2.66,0.01,-0.02,0.03
95167,9.13,-2.73,2.70,-0.00,-0.01,0.03
95180,9.13,-2.76,2.74,-0.01,-0.01,0.02
95193,9.12,-2.77,2.74,0.00,-0.01,0.01
95206,9.12,-2.73,2.74,0.01,-0.02,-0.00
95219,9.11,-2.67,2.75,0.00,-0.02,-0.01
95232,9.11,-2.61,2.75,-0.01,-0.03,-0.01
95245,9.11,-2.55,2.72,-0.01,-0.03,-0.00
95258,9.12,-2.54,2.72,-0.01,-0.03,0.00
95271,9.13,-2.66,2.67,-0.01,-0.03,0.01
95284,9.13,-2.67,2.66,0.00,-0.03,0.02
95297,9.13,-2.70,2.68,0.00,-0.02,0.01
95310,9.12,-2.66,2.71,-0.00,-0.02,0.01
95323,9.11,-2.65,2.71,-0.01,-0.02,0.01
95336,9.12,-2.65,2.71,-0.00,-0.02,0.01
95349,9.11,-2.61,2.73,0.00,-0.02,0.01
95362,9.10,-2.62,2.74,0.01,-0.02,0.02
95375,9.10,-2.65,2.78,0.01,-0.02,0.02
95388,9.11,-2.75,2.73,-0.00,-0.03,0.02
95401,9.12,-2.72,2.74,-0.00,-0.03,0.01
95414,9.11,-2.72,2.73,-0.01,-0.03,0.01
95427,9.11,-2.72,2.69,-0.01,-0.04,0.00
95440,9.13,-2.68,2.72,-0.00,-0.03,-0.00
95453,9.13,-2.65,2.72,0.00,-0.04,-0.00
95466,9.12,-2.71,2.70,0.00,-0.04,-0.00
95479,9.11,-2.71,2.73,0.00,-0.04,-0.00
95492,9.11,-2.68,2.74,0.00,-0.04,-0.00
95505,9.10,-2.67,2.66,-0.00,-0.04,-0.01
95518,9.19,-2.64,2.70,0.01,-0.03,-0.01
95531,9.09,-2.64,2.73,0.00,-0.03,-0.00
95544,9.11,-2.73,2.66,0.00,-0.03,-0.00
95557,9.10,-2.60,2.71,0.00,-0.03,-0.01
95570,9.13,-2.65,2.66,-0.00,-0.03,-0.01
95583,9.15,-2.59,2.65,0.00,-0.03,-0.00
95596,9.12,-2.62,2.63,0.01,-0.02,0.00
95609,9.13,-2.57,2.69,0.01,-0.02,0.01
95622,9.11,-2.60,2.73,0.01,-0.02,0.02
95635,9.09,-2.66,2.73,-0.01,-0.02,0.02
95648,9.11,-2.71,2.72,-0.01,-0.03,0.02
95661,9.12,-2.76,2.73,0.00,-0.03,0.02
95674,9.11,-2.76,2.74,-0.00,-0.03,0.01
95687,9.12,-2.77,2.72,-0.01,-0.03,-0.00
95700,9.12,-2.76,2.68,-0.01,-0.03,-0.01
95713,9.11,-2.66,2.70,0.01,-0.03,-0.02
95726,9.11,-2.69,2.68,0.01,-0.03,-0.02
95739,9.11,-2.66,2.70,0.01,-0.02,-0.02
95752,9.12,-2.59,2.71,0.02,-0.02,-0.01
95765,9.12,-2.58,2.70,0.02,-0.02,-0.01
95778,9.11,-2.54,2.70,0.01,-0.02,-0.00
95791,9.12,-2.60,2.66,0.00,-0.02,0.00
95804,9.14,-2.56,2.66,0.01,-0.02,0.01
95817,9.11,-2.50,2.66,0.00,-0.01,0.02
95830,9.11,-2.42,2.64,-0.01,-0.01,0.03
95843,9.13,-2.50,2.55,-0.05,0.01,0.06
95856,9.15,-2.77,2.46,-0.06,0.02,0.07
95869,9.16,-2.82,2.42,-0.06,0.04,0.06
95882,9.08,-2.59,2.74,0.01,0.08,0.08
95895,9.09,-2.57,2.81,0.03,0.07,0.09
95908,9.01,-2.36,3.02,0.04,0.07,0.10
95921,9.01,-2.44,3.04,0.01,0.03,0.15
95934,9.02,-2.59,3.12,-0.03,0.01,0.16
95947,9.01,-2.99,3.04,-0.08,-0.01,0.16
95960,9.45,-4.01,2.05,-0.07,0.09,0.04
95973,9.43,-4.06,1.54,-0.10,0.29,-0.05
95986,9.53,-3.70,1.67,0.27,0.61,-0.24
95999,9.19,-2.15,2.97,1.10,0.91,-0.45
96012,8.53,-0.91,5.55,1.35,0.87,-0.52
96025,8.16,-0.14,4.78,0.84,0.72,-0.47
96038,8.76,-1.03,4.88,0.11,0.57,-0.12
96051,8.17,-0.49,5.55,-0.34,0.26,0.04
96064,8.83,-1.29,4.82,-0.40,0.05,0.19
96077,9.14,-2.10,4.77,-0.40,-0.00,0.25
96090,9.10,-2.42,4.16,-0.44,0.18,0.03
96103,8.71,-2.48,4.53,-0.35,0.20,-0.07
96116,8.94,-1.86,4.57,-0.22,0.21,-0.17
96129,8.99,-2.22,4.82,-0.25,0.28,-0.25
96142,8.19,-1.41,4.81,-0.17,0.16,-0.17
96155,8.85,-1.21,4.85,-0.34,0.00,-0.10
96168,8.41,-2.43,4.12,-0.51,0.01,-0.01
96181,9.14,-2.27,4.24,-0.55,0.01,-0.03
96194,9.01,-2.42,3.97,-0.53,-0.02,-0.06
96207,8.67,-2.55,3.38,-0.49,0.04,-0.08
96220,8.37,-2.69,3.99,-0.52,0.09,-0.17
96233,9.29,-2.35,3.95,-0.47,0.04,-0.18
96246,8.27,-2.21,3.68,-0.35,0.15,-0.21
96259,9.08,-2.07,3.86,-0.37,0.12,-0.21
96272,8.68,-1.47,3.91,-0.42,0.05,-0.16
96285,9.66,-2.30,3.14,-0.57,0.11,-0.09
96298,8.81,-2.10,4.20,-0.59,0.14,-0.07
96311,9.23,-2.59,3.40,-0.62,0.05,-0.03
96324,8.53,-2.49,3.36,-0.58,-0.04,0.03
96337,10.15,-3.00,3.21,-0.75,-0.05,0.03
96350,8.56,-3.15,2.95,-0.76,-0.02,-0.01
96363,8.95,-3.49,2.48,-0.70,-0.00,-0.08
96376,8.92,-3.60,2.30,-0.63,0.15,-0.24
96389,8.68,-3.14,2.91,-0.50,0.20,-0.28
96402,9.29,-2.97,2.49,-0.55,0.19,-0.31
96415,9.17,-2.75,3.31,-0.37,0.22,-0.24
96428,8.93,-2.21,3.45,-0.37,0.14,-0.18
96441,8.47,-2.16,2.59,-0.47,0.03,-0.05
96454,8.92,-3.15,2.59,-0.62,0.02,0.06
96467,9.12,-3.93,2.21,-0.63,0.04,0.05
96480,9.04,-3.65,2.53,-0.52,0.09,-0.02
96493,8.55,-3.28,2.76,-0.39,0.09,-0.06
96506,9.54,-3.26,1.91,-0.41,0.15,-0.10
96519,8.68,-3.25,2.93,-0.31,0.31,-0.13
96532,8.09,-2.32,3.78,-0.17,0.17,0.00
96545,8.52,-2.86,3.51,-0.25,-0.04,0.21
96558,9.26,-3.10,2.15,-0.27,-0.20,0.37
96571,9.19,-3.96,2.80,-0.34,-0.09,0.24
96584,8.54,-3.83,2.68,-0.20,-0.07,0.17
96597,9.31,-4.05,2.10,-0.12,0.02,0.12
96610,9.14,-3.51,3.09,-0.07,0.22,-0.06
96623,8.65,-3.34,3.41,-0.08,0.27,-0.14
96636,8.89,-2.82,3.56,-0.07,0.28,-0.19
96649,9.32,-3.23,3.52,-0.12,0.24,-0.24
96662,8.65,-2.83,3.51,-0.04,0.22,-0.22
96675,8.62,-3.29,3.04,-0.12,0.15,-0.20
96688,8.93,-1.85,3.19,0.04,0.11,-0.17
96701,8.98,-3.28,2.23,-0.31,-0.02,-0.08
96714,8.87,-2.62,3.01,-0.35,0.06,-0.11
96727,8.99,-2.61,3.29,-0.46,0.01,-0.06
96740,9.50,-3.42,1.46,-0.34,-0.01,-0.01
96753,8.97,-2.93,2.86,-0.22,-0.00,0.03
96766,9.25,-2.97,1.99,-0.31,-0.13,0.09
96779,9.40,-4.24,0.60,-0.38,-0.03,0.11
96792,9.23,-4.55,0.75,-0.50,0.14,0.09
96805,9.14,-4.17,1.12,-0.09,0.35,0.00
96818,9.16,-2.95,4.24,1.21,0.58,-0.20
96831,9.89,-2.89,3.01,1.00,0.39,-0.36
96844,9.28,-3.08,3.40,0.49,0.18,-0.40
96857,9.53,-2.59,3.04,-0.24,-0.32,-0.34
96870,9.37,-2.46,2.89,0.02,-0.48,-0.35
96883,9.74,-3.07,2.18,0.10,-0.58,-0.33
96896,9.32,-3.12,1.92,0.11,-0.54,-0.43
96909,9.05,-2.13,2.21,0.25,-0.46,-0.45
96922,9.10,-2.22,2.34,0.31,-0.37,-0.42
96935,8.58,-1.41,2.95,0.39,-0.29,-0.31
96948,9.55,-1.06,2.84,0.24,-0.37,-0.26
96961,9.07,-1.29,2.99,0.11,-0.41,-0.19
96974,9.13,-1.84,2.44,0.03,-0.47,-0.12
96987,9.36,-2.06,2.72,-0.00,-0.50,-0.05
97000,8.88,-2.28,2.73,-0.01,-0.48,-0.04
97013,9.39,-2.87,2.37,-0.01,-0.46,-0.02
97026,9.36,-2.55,2.46,0.07,-0.43,-0.08
97039,9.22,-2.64,2.62,0.14,-0.40,-0.09
97052,9.21,-2.43,2.38,0.17,-0.38,-0.11
97065,9.12,-2.25,2.98,0.17,-0.35,-0.18
97078,9.41,-2.10,2.74,0.12,-0.37,-0.19
97091,9.14,-1.99,2.68,0.10,-0.37,-0.18
97104,8.87,-2.57,2.71,0.04,-0.32,-0.22
97117,9.10,-2.09,3.10,0.08,-0.28,-0.24
97130,9.29,-2.05,2.68,0.04,-0.30,-0.24
97143,9.22,-2.25,2.89,0.08,-0.19,-0.21
97156,8.99,-2.03,2.85,0.05,-0.20,-0.21
97169,8.37,-2.18,2.85,0.01,-0.23,-0.21
97182,9.62,-2.66,3.76,0.02,-0.21,-0.17
97195,9.16,-1.42,2.01,-0.02,-0.32,-0.19
97208,8.34,-2.01,3.18,0.04,-0.28,-0.16
97221,9.31,-2.05,2.55,0.01,-0.30,-0.11
97234,8.90,-2.03,3.40,0.06,-0.27,-0.12
97247,9.06,-2.20,3.32,0.08,-0.21,-0.11
97260,9.72,-1.37,2.71,0.12,-0.24,-0.12
97273,9.39,-1.33,2.15,-0.10,-0.25,-0.10
97286,8.74,-2.34,3.50,-0.14,-0.22,-0.13
97299,9.02,-2.19,2.75,-0.16,-0.23,-0.15
97312,8.81,-2.27,3.57,-0.07,-0.19,-0.19
97325,9.06,-1.22,2.23,-0.06,-0.25,-0.19
97338,9.16,-2.01,3.06,-0.08,-0.24,-0.12
97351,9.88,-1.79,2.28,-0.13,-0.27,-0.14
97364,9.21,-2.17,2.43,-0.13,-0.19,-0.15
97377,7.73,-2.15,3.35,-0.04,-0.12,-0.14
97390,9.86,-2.31,2.51,-0.12,-0.15,-0.12
97403,8.46,-1.75,2.51,-0.03,-0.11,-0.12
97416,10.24,-1.52,2.60,-0.07,-0.19,-0.13
97429,7.06,-3.43,4.61,0.06,-0.01,-0.09
97442,11.49,0.22,0.09,-0.06,-0.25,-0.22
97455,9.89,-4.00,3.77,-0.08,0.04,-0.21
97468,7.25,-1.00,5.41,0.12,-0.18,-0.43
97481,9.84,-1.48,0.66,-0.06,-0.39,-0.40
97494,9.45,-1.92,3.32,-0.01,-0.21,-0.17
97507,10.84,0.36,2.44,-0.16,-0.33,-0.21
97520,8.88,-2.35,2.70,-0.11,-0.27,-0.14
97533,9.26,-2.41,3.00,0.12,-0.14,-0.05
97546,9.31,-1.38,2.66,0.04,-0.11,0.07
97559,7.37,-2.62,4.16,-0.05,-0.02,0.16
97572,10.64,0.30,1.00,-0.11,-0.11,0.12
97585,9.22,-1.30,3.95,-0.07,0.25,0.32
97598,9.16,-1.68,3.81,-0.11,0.21,0.34
97611,9.19,-1.43,3.93,-0.05,0.10,0.29
97624,9.20,-1.58,3.63,-0.39,-0.05,0.29
97637,9.31,-2.23,3.18,-0.78,-0.30,0.27
97650,9.33,-2.64,2.83,-0.76,-0.39,0.25
97663,9.28,-2.29,2.92,-0.54,-0.45,0.21
97676,10.28,-2.26,0.37,-0.51,-0.41,0.14
97689,8.72,-1.53,4.74,-0.35,-0.28,0.12
97702,10.19,-1.53,-0.59,-0.49,-0.39,0.12
97715,9.70,-2.85,3.25,-0.26,1.15,-0.26
97728,6.07,-0.50,5.73,0.63,1.27,-0.39
97741,9.95,-0.44,4.24,1.64,1.10,-0.38
97754,8.90,1.08,3.50,0.70,0.51,-0.16
97767,9.33,-0.60,3.98,-0.65,0.35,0.09
97780,8.72,0.13,6.01,-1.57,0.04,0.33
97793,11.94,-3.20,1.27,-1.21,0.03,0.20
97806,8.77,-2.22,3.05,-0.56,0.16,0.19
97819,9.16,-2.22,3.69,-0.20,0.27,0.05
97832,9.66,-1.48,3.24,0.21,0.28,-0.16
97845,9.38,-0.71,3.74,-0.28,0.21,-0.10
97858,8.69,-1.58,2.92,-0.70,0.08,-0.06
97871,9.16,-1.51,2.74,-0.77,0.05,-0.08
97884,10.25,-1.81,2.21,-0.63,0.06,-0.02
97897,7.80,-1.77,2.36,-0.46,0.14,0.02
97910,9.76,-0.88,3.79,-0.42,0.12,0.05
97923,9.97,-2.13,1.69,-0.71,0.03,0.15
97936,9.00,-1.90,2.68,-0.82,0.02,0.20
97949,8.59,-2.45,2.43,-0.90,0.00,0.24
97962,9.67,-2.33,2.23,-0.57,-0.08,0.27
97975,9.27,-2.39,1.96,-0.59,-0.09,0.26
97988,10.01,-2.77,2.02,-0.63,-0.04,0.21
98001,9.54,-3.22,1.18,-0.66,0.09,0.10
98014,9.32,-2.99,1.42,-0.47,0.20,0.03
98027,9.84,-3.35,1.81,-0.41,0.35,-0.04
98040,9.32,-2.10,1.95,-0.28,0.27,-0.08
98053,9.86,-2.50,1.61,-0.37,0.31,-0.09
98066,8.73,-1.99,2.84,-0.37,0.29,-0.07
98079,8.64,-2.46,2.97,-0.45,0.07,0.02
98092,9.84,-2.26,1.88,-0.45,-0.02,0.06
98105,8.89,-2.49,2.29,-0.45,-0.05,0.10
98118,9.24,-2.79,2.48,-0.48,0.04,0.05
98131,9.80,-3.19,1.35,-0.38,0.10,0.05
98144,9.10,-2.92,2.53,-0.29,0.10,0.01
98157,9.21,-3.42,1.65,-0.28,0.16,-0.05
98170,9.49,-3.17,2.61,-0.18,0.38,-0.19
98183,8.95,-2.76,2.79,-0.16,0.29,-0.19
98196,9.46,-2.57,2.54,-0.11,0.20,-0.18
98209,8.78,-2.14,2.78,-0.31,0.09,-0.06
98222,10.07,-2.10,2.73,-0.40,0.04,-0.00
98235,8.48,-2.21,2.59,-0.43,-0.04,0.04
98248,8.96,-2.94,2.27,-0.31,0.07,0.02
98261,9.50,-3.13,2.26,-0.26,0.16,-0.04
98274,9.42,-3.38,1.48,-0.19,0.23,-0.11
98287,9.91,-2.87,2.17,-0.09,0.32,-0.34
98300,9.86,-2.84,1.90,-0.15,0.34,-0.43
98313,8.76,-2.33,2.16,-0.14,0.35,-0.47
98326,9.43,-1.78,2.23,-0.18,0.32,-0.41
98339,8.40,-1.92,1.81,-0.14,0.28,-0.27
98352,8.92,-1.59,3.44,-0.16,0.14,-0.17
98365,9.98,-1.85,2.21,-0.45,-0.22,0.08
98378,8.95,-1.34,2.23,-0.49,-0.39,0.18
98391,9.55,-2.31,1.08,-0.62,-0.47,0.23
98404,9.72,-2.91,1.47,-0.47,-0.38,0.24
98417,9.31,-2.27,2.44,-0.30,-0.44,0.21
98430,9.52,-2.47,0.85,-0.40,-0.56,0.19
98443,9.69,-3.52,0.43,-0.47,-0.51,0.14
98456,9.52,-4.03,0.74,-0.80,-0.23,0.11
98469,9.54,-3.60,0.78,-0.31,-0.08,0.02
98482,9.52,-2.91,1.45,0.14,0.06,-0.05
98495,9.31,-2.50,2.01,0.51,0.26,-0.13
98508,9.25,-2.26,2.24,0.34,0.27,-0.12
98521,9.22,-2.04,2.50,0.31,0.27,-0.10
98534,9.13,-1.97,2.99,0.31,0.24,-0.05
98547,9.12,-1.87,3.05,0.28,0.20,-0.02
98560,9.12,-1.87,3.09,0.22,0.16,0.01
98573,9.12,-2.13,3.06,0.07,0.07,0.06
98586,9.13,-2.25,3.03,0.04,0.03,0.08
98599,9.17,-2.41,2.90,0.00,-0.01,0.09
98612,9.18,-2.49,2.75,-0.03,-0.05,0.08
98625,9.18,-2.56,2.82,-0.04,-0.07,0.07
98638,9.20,-2.65,2.74,-0.05,-0.09,0.05
98651,9.26,-2.79,2.37,-0.08,-0.10,0.01
98664,9.27,-2.75,2.26,-0.08,-0.09,-0.02
98677,9.26,-2.77,2.30,-0.05,-0.07,-0.04
98690,9.28,-2.81,2.29,0.02,-0.04,-0.08
98703,9.27,-2.76,2.36,0.05,-0.02,-0.10
98716,9.24,-2.58,2.50,0.07,-0.00,-0.12
98729,9.25,-2.20,2.46,0.06,-0.01,-0.14
98742,9.25,-2.36,2.49,-0.01,-0.00,-0.13
98755,9.23,-2.36,2.60,0.03,0.00,-0.12
98768,9.18,-2.15,2.85,0.08,-0.00,-0.12
98781,9.19,-1.95,2.81,0.13,-0.04,-0.09
98794,9.19,-1.79,2.77,0.06,-0.06,-0.07
98807,9.22,-1.97,2.50,-0.04,-0.08,-0.05
98820,9.26,-2.37,2.56,-0.03,-0.09,-0.02
98833,9.26,-2.42,2.53,-0.00,-0.09,-0.02
98846,9.26,-2.38,2.49,0.01,-0.09,-0.03
98859,9.29,-2.38,2.31,-0.03,-0.08,-0.04
98872,9.31,-2.49,2.34,-0.03,-0.06,-0.05
98885,9.30,-2.45,2.35,0.00,-0.05,-0.06
98898,9.26,-2.04,2.50,0.05,-0.03,-0.06
98911,9.27,-1.84,2.43,0.02,-0.03,-0.04
98924,9.27,-1.89,2.41,-0.02,-0.03,-0.02
98937,9.27,-2.02,2.43,-0.02,-0.02,0.03
98950,9.25,-2.05,2.58,0.01,-0.01,0.06
98963,9.24,-1.98,2.62,0.02,-0.02,0.08
98976,9.27,-2.18,2.49,-0.06,-0.03,0.11
98989,9.25,-2.42,2.54,-0.07,-0.04,0.11
99002,9.28,-2.62,2.49,-0.04,-0.04,0.10
99015,9.26,-2.57,2.49,0.03,-0.03,0.07
99028,9.28,-2.50,2.42,0.02,-0.03,0.05
99041,9.27,-2.57,2.43,0.00,-0.03,0.04
